’•¶ƒR[ƒh,’•¶“ú,‰ïˆõ”Ô†,‚¨–¼‘O,ƒ[ƒ‹,—X•Ö”Ô†,ZŠ,TEL,¤•iƒR[ƒh,¤•i–¼,‰¿Ši,”—Ê
53,2022/7/21 1:51,0,test,test@gmail.com,111-1111,“Œ‹“s‘å“c‹æ’rã,9018001900,4,‚Æ‚Ü‚Æ,100,1
54,2022/7/21 1:52,0,test,test@gmail.com,111-1111,“Œ‹“s‘å“c‹æ’rã,9018001900,4,‚Æ‚Ü‚Æ,100,1
55,2022/7/21 1:53,0,test,test@gmail.com,111-1111,“Œ‹“s‘å“c‹æ’rã,9018001900,4,‚Æ‚Ü‚Æ,100,1
56,2022/7/21 1:53,0,test,test@gmail.com,111-1111,“Œ‹“s‘å“c‹æ’rã,9018001900,4,‚Æ‚Ü‚Æ,100,1
57,2022/7/21 1:53,21,test,test@gmail.com,111-1111,“Œ‹“s‘å“c‹æ’rã,9018001900,4,‚Æ‚Ü‚Æ,100,1
58,2022/7/21 1:54,21,test,test@gmail.com,111-1111,“Œ‹“s‘å“c‹æ’rã,9018001900,4,‚Æ‚Ü‚Æ,100,1
59,2022/7/21 1:55,22,Œ´Œû—I–ç,test@gmail.com,111-1111,“Œ‹“s‘å“c‹æ’rã,8019551099,4,‚Æ‚Ü‚Æ,100,1
60,2022/7/21 1:58,23,Œ´Œû—I–ç,test@gmail.com,111-1111,“Œ‹“s‘å“c‹æ’rã,8019551099,4,‚Æ‚Ü‚Æ,100,1
61,2022/7/21 1:59,24,–Ø‘º‘ñÆ,yuya08420bs@gmail.com,111-1111,“Œ‹“s‘å“c‹æ’rã,8081111,4,‚Æ‚Ü‚Æ,100,1
62,2022/7/21 2:00,24,–Ø‘º‘ñÆ,yuya08420bs@gmail.com,111-1111,“Œ‹“s‘å“c‹æ’rã,8081111,4,‚Æ‚Ü‚Æ,100,1
53,2022/7/21 1:51,0,test,test@gmail.com,111-1111,“Œ‹“s‘å“c‹æ’rã,9018001900,8,‚¶‚á‚ª‚¢‚à,90,1
54,2022/7/21 1:52,0,test,test@gmail.com,111-1111,“Œ‹“s‘å“c‹æ’rã,9018001900,8,‚¶‚á‚ª‚¢‚à,90,1
55,2022/7/21 1:53,0,test,test@gmail.com,111-1111,“Œ‹“s‘å“c‹æ’rã,9018001900,8,‚¶‚á‚ª‚¢‚à,90,1
56,2022/7/21 1:53,0,test,test@gmail.com,111-1111,“Œ‹“s‘å“c‹æ’rã,9018001900,8,‚¶‚á‚ª‚¢‚à,90,1
57,2022/7/21 1:53,21,test,test@gmail.com,111-1111,“Œ‹“s‘å“c‹æ’rã,9018001900,8,‚¶‚á‚ª‚¢‚à,90,1
58,2022/7/21 1:54,21,test,test@gmail.com,111-1111,“Œ‹“s‘å“c‹æ’rã,9018001900,8,‚¶‚á‚ª‚¢‚à,90,1
